,City,RegionName,State,PTR_6_months,10Year,5Year,YOY,three_bed_buy_2016,three_bed_buy_2017,three_bed_rent_2016,three_bed_rent_2017,rent_change,buy_change
5665,Southampton,11968,NY,3.1933333333333334,0.0289157637913846,0.0749408248955772,0.12764221007100301,962600.0,1101000.0,28000.0,30000.0,0.07142857142857142,0.143777269894037
419,Philadelphia,19134,PA,4.609999999999999,-0.0101502959202007,0.0118944070903297,0.026615969581749003,48600.0,46400.0,1000.0,1100.0,0.1,-0.04526748971193416
937,Philadelphia,19139,PA,5.298333333333333,0.00296317727491258,0.0459446706918372,0.0409711684370258,60900.0,59500.0,1100.0,1295.0,0.17727272727272728,-0.022988505747126436
5413,Bellefontaine Neighbors,63137,MO,5.353333333333333,-0.0632780955903557,-0.00661279334751186,0.0202429149797571,50100.0,50700.0,825.0,825.0,0.0,0.011976047904191617
73,Philadelphia,19143,PA,5.585,0.00808281285519996,0.0396770593373517,0.12248062015503901,57000.0,63600.0,1000.0,1200.0,0.2,0.11578947368421053
756,Jennings,63136,MO,5.676666666666667,-0.0486998177676147,0.00643018202750834,0.0325670498084291,60500.0,59600.0,837.5,850.0,0.014925373134328358,-0.01487603305785124
3297,Chicago,60621,IL,5.708333333333333,-0.0460565175870716,0.0132134180851662,0.16305732484076402,78200.0,92600.0,1100.0,1100.0,0.0,0.18414322250639387
3664,Philadelphia,19142,PA,5.919999999999999,-0.0035219646958034602,0.0318334041492792,0.0662739322533137,65900.0,70300.0,900.0,937.5,0.041666666666666664,0.06676783004552352
327,Lauderhill,33319,FL,6.026666666666667,-0.0471231866111308,0.10656811904804303,0.11123986095017402,158200.0,179900.0,1700.0,1600.0,-0.058823529411764705,0.13716814159292035
1561,Memphis,38127,TN,6.256666666666667,-0.0260165046460291,0.0206537088407441,0.12528473804100201,43900.0,49300.0,650.0,650.0,0.0,0.12300683371298406
872,Deerfield Beach,33442,FL,6.733333333333333,-0.0107449307779528,0.112975226260476,0.0840579710144927,271700.0,284600.0,1883.5,1913.0,0.015662330767188745,0.04747883695252116
2536,Riverdale,30274,GA,6.881666666666667,-0.0406922489980038,0.14191544267721898,0.124423963133641,64300.0,71300.0,895.0,925.0,0.0335195530726257,0.1088646967340591
742,Memphis,38111,TN,6.901666666666666,-0.0156424651471062,0.0324777905190012,0.103565365025467,62600.0,67300.0,850.0,875.0,0.029411764705882353,0.07507987220447285
1143,Ives Estates,33179,FL,7.058333333333334,-0.0426639225416446,0.134677194877578,0.0640599001663893,229000.0,256800.0,2200.0,2200.0,0.0,0.12139737991266375
524,Roseville,48066,MI,7.083333333333333,-0.0267086083669043,0.136816275368024,0.132720105124836,81800.0,91100.0,967.5,995.0,0.028423772609819122,0.1136919315403423
1808,Memphis,38118,TN,7.093333333333334,-0.0125592542243289,0.055343795923988,0.168831168831169,61500.0,72000.0,850.0,825.0,-0.029411764705882353,0.17073170731707318
695,Florissant,63031,MO,7.381666666666667,-0.033768904619336,0.0286504019985441,0.0521064301552106,90800.0,96000.0,1100.0,1100.0,0.0,0.05726872246696035
1215,Memphis,38128,TN,7.396666666666667,-0.0172372279381485,0.036972087466312004,0.0696022727272727,67700.0,72800.0,825.0,800.0,-0.030303030303030304,0.07533234859675036
70,Chicago,60617,IL,7.423333333333333,-0.0296487216921026,0.0143064747082113,0.0537444933920705,114600.0,119700.0,1150.0,1150.0,0.0,0.04450261780104712
6875,Homestead,33035,FL,7.5583333333333345,-0.0509629868310281,0.132886124500633,0.0966638152266895,118700.0,128300.0,1295.0,1350.0,0.04247104247104247,0.08087615838247683
764,Birmingham,35215,AL,7.733333333333333,-0.0208181970240664,0.00469968769091866,0.0123456790123457,79100.0,79900.0,850.0,895.0,0.052941176470588235,0.010113780025284451
192,Chicago,60649,IL,7.746666666666666,-0.0296178272076787,0.0102865939891945,0.119546247818499,133300.0,145200.0,1100.0,1150.0,0.045454545454545456,0.08927231807951988
2640,Killeen,76543,TX,7.848333333333334,-0.0135855674582029,0.007885004965475279,0.0228716645489199,77800.0,79500.0,825.0,825.0,0.0,0.021850899742930592
4270,Union City,30291,GA,7.935,-0.029564616526038,0.12295510705682101,0.10864745011086502,83500.0,93400.0,947.5,999.0,0.054353562005277044,0.118562874251497
1024,Memphis,38115,TN,7.965000000000001,-0.0151903462377289,0.0508020394941007,0.0985748218527316,83800.0,91500.0,995.0,950.0,-0.04522613065326633,0.09188544152744631
220,Fort Lauderdale,33311,FL,8.094999999999999,-0.0301088890456973,0.17817436621900498,0.21445042275172896,145600.0,174100.0,1550.0,1650.0,0.06451612903225806,0.19574175824175824
2612,Pompano Beach,33069,FL,8.178333333333333,-0.0264190741715224,0.115368685079076,0.0930059523809524,177100.0,181800.0,1500.0,1750.0,0.16666666666666666,0.026538678712591756
1735,Midwest City,73110,OK,8.180000000000001,0.008787894094383521,0.0185415378844336,-0.0026525198938992,81300.0,82700.0,825.0,825.0,0.0,0.017220172201722016
130,Chicago,60620,IL,8.341666666666665,-0.0164152212964755,0.0282439182670979,0.0582010582010582,138200.0,143800.0,1150.0,1150.0,0.0,0.04052098408104197
420,El Paso,79924,TX,8.468333333333332,-0.0081302953969552,-0.0038802636522615704,0.0456100342075257,93400.0,96600.0,975.0,950.0,-0.02564102564102564,0.034261241970021415
2496,Jacksonville,32208,FL,8.47,-0.0117331314608351,0.11155020529100802,0.35,71800.0,95100.0,875.0,899.0,0.027428571428571427,0.3245125348189415
5353,Memphis,38141,TN,8.505,-0.0106934980411257,0.0520479675703194,0.07465825446897999,93800.0,99600.0,955.5,995.0,0.041339612768184195,0.06183368869936034
3931,Stone Mountain,30088,GA,8.541666666666666,-0.0132755430752636,0.13486665429041,0.179295624332978,88100.0,101800.0,967.5,1015.0,0.04909560723514212,0.15550510783200908
422,Chicago,60637,IL,8.623333333333333,-0.0291369052833204,0.0234247456576153,0.136432926829268,137800.0,153200.0,1172.5,1200.0,0.023454157782515993,0.11175616835994194
748,Sunrise,33322,FL,8.666666666666666,-0.0158249545723426,0.15480562782489002,0.122492836676218,253300.0,272000.0,1979.0,1950.0,-0.014653865588681153,0.0738255033557047
52,Chicago,60619,IL,8.668333333333335,-0.0184037532421566,0.0311686040393175,0.0956325301204819,135600.0,147400.0,1150.0,1150.0,0.0,0.08702064896755163
19,Riverdale,30349,GA,8.686666666666667,-0.0190170124404383,0.12715205135812,0.154929577464789,81100.0,91600.0,975.0,1050.0,0.07692307692307693,0.12946979038224415
176,Chicago,60626,IL,8.698333333333332,-0.0369087518673078,0.0554875086087097,-0.0033311125916056,239800.0,242400.0,1850.0,1850.0,0.0,0.010842368640533779
241,Margate,33063,FL,8.74,-0.0265949488488684,0.168332690732142,0.109570041608877,241200.0,262200.0,1977.5,1900.0,-0.039190897597977246,0.08706467661691543
746,Candler-Mcafee,30032,GA,8.775,-0.0140515701153611,0.15730379923874202,0.249427917620137,87800.0,108800.0,900.0,1050.0,0.16666666666666666,0.23917995444191345
342,Columbia,29223,SC,8.801666666666664,-0.0059689396077679,0.0326113500531628,0.020997375328083996,104300.0,108100.0,1075.0,1075.0,0.0,0.0364333652924257
216,Atlanta,30331,GA,8.876666666666667,-0.0241480493559945,0.109069937180841,0.124561403508772,76800.0,86900.0,1030.0,1209.0,0.17378640776699028,0.13151041666666666
1783,Hinesville,31313,GA,8.878333333333332,-0.00289709768914337,0.006921075921169971,0.0181653042688465,109000.0,111200.0,950.0,1000.0,0.05263157894736842,0.02018348623853211
466,Lithonia,30058,GA,8.89,-0.0160393001899365,0.134287039533063,0.10249042145593901,101900.0,112400.0,1000.0,1095.0,0.095,0.10304219823356231
709,Fort Worth,76133,TX,8.955,0.0303684745872086,0.0947348500787646,0.10541945063103199,132600.0,146400.0,1295.0,1350.0,0.04247104247104247,0.10407239819004525
3014,Chicago,60624,IL,8.981666666666667,-0.0158229461501787,0.0648335810665743,0.0954038997214485,159600.0,173900.0,1250.0,1250.0,0.0,0.08959899749373433
1501,Memphis,38134,TN,9.031666666666666,-0.0029452502693559897,0.0498782501678665,0.0938053097345133,107200.0,119100.0,995.0,1095.0,0.10050251256281408,0.11100746268656717
677,Greensboro,27405,NC,9.1,0.00345084519356953,0.0328450012255244,0.11176470588235302,90400.0,97300.0,889.0,875.0,-0.015748031496062992,0.07632743362831858
5,Houston,77084,TX,9.121666666666668,0.0204562655020915,0.078339088614104,0.0121561100447857,143200.0,143300.0,1449.5,1400.0,-0.0341497067954467,0.0006983240223463687
1045,North Lauderdale,33068,FL,9.136666666666667,-0.0253287109198062,0.15877852831518802,0.134652201659221,174800.0,200000.0,1550.0,1600.0,0.03225806451612903,0.14416475972540047
311,Tamarac,33321,FL,9.143333333333334,-0.0203525026177656,0.152838156478466,0.11617458279846002,213900.0,235000.0,1895.0,1800.0,-0.05013192612137203,0.0986442262739598
853,Killeen,76549,TX,9.148333333333332,-0.0109754911992384,0.005749637187950189,0.0138632162661738,84700.0,87700.0,825.0,875.0,0.06060606060606061,0.03541912632821724
538,Huber Heights,45424,OH,9.176666666666666,-0.00597404155240089,0.0241432104925483,0.0503388189738625,89700.0,99300.0,880.0,995.0,0.13068181818181818,0.10702341137123746
3777,San Antonio,78244,TX,9.176666666666668,0.0172876074379231,0.0637718078457055,0.1072,120100.0,134300.0,1100.0,1195.0,0.08636363636363636,0.11823480432972523
9,Cypress,77449,TX,9.23,0.0195962633802813,0.0851466141415793,0.0274409700063816,146400.0,145600.0,1400.0,1400.0,0.0,-0.00546448087431694
8155,Oak Grove,42262,KY,9.351666666666667,0.0035114383809125,0.004583343577446271,0.0253863134657837,88100.0,89300.0,750.0,800.0,0.06666666666666667,0.01362088535754824
3331,Boynton Beach,33426,FL,9.4,-0.0171965839177952,0.121663685226565,0.0310166570936244,212700.0,228500.0,1700.0,1781.0,0.04764705882352941,0.07428302773859896
939,San Antonio,78233,TX,9.423333333333334,0.0233900981855861,0.064963233787259,0.10248681235870401,128500.0,142000.0,1250.0,1250.0,0.0,0.10505836575875487
702,Coral Springs,33065,FL,9.438333333333333,-0.0279471951601543,0.137973092296888,0.123962040332147,253100.0,279900.0,1795.0,1783.0,-0.006685236768802228,0.10588700118530225
90,Jacksonville,32210,FL,9.478333333333333,-0.0190594814414902,0.109177175415891,0.153179190751445,99700.0,116700.0,950.0,1000.0,0.05263157894736842,0.17051153460381144
1500,Converse,78109,TX,9.488333333333332,0.0156462068348568,0.0570020619792317,0.0859598853868195,129700.0,142800.0,1200.0,1275.0,0.0625,0.10100231303006939
3,El Paso,79936,TX,9.543333333333335,-0.0124433755464555,0.000349101149834441,0.0195555555555556,108600.0,110700.0,995.0,1000.0,0.005025125628140704,0.019337016574585635
105,San Antonio,78245,TX,9.575,0.0225315958203214,0.0606212388399656,0.10690909090909101,126900.0,142500.0,1250.0,1300.0,0.04,0.12293144208037825
99,Cypress,77433,TX,9.575000000000001,0.020489370333348002,0.04431228264842099,-0.0437725631768953,175500.0,173300.0,1509.5,1500.0,-0.006293474660483604,-0.012535612535612535
1590,Memphis,38125,TN,9.613333333333333,-0.00842182867277519,0.0415820147166337,0.0656984785615491,129800.0,139400.0,1250.0,1295.0,0.036,0.07395993836671803
528,New Haven,6511,CT,9.62,-0.0180018922867404,0.0163730962428457,0.0617088607594937,168600.0,170100.0,1295.0,1395.0,0.07722007722007722,0.008896797153024912
173,Orlando,32822,FL,9.621666666666666,-0.0266382735289206,0.15227591067344398,0.11232449297971901,150700.0,168300.0,1299.0,1395.0,0.07390300230946882,0.11678832116788321
61,Tomball,77379,TX,9.633333333333333,0.0178475463753183,0.0487934445698484,-0.0315789473684211,173200.0,168500.0,1585.0,1600.0,0.00946372239747634,-0.027136258660508082
4342,El Paso,79934,TX,9.646666666666667,-0.0103583068292745,-0.00457336247037021,0.00622083981337481,123400.0,125100.0,1120.0,1175.0,0.049107142857142856,0.013776337115072933
1920,Irmo,29063,SC,9.668333333333333,-0.00035069297380629905,0.0326198187051105,0.037928519328957,123800.0,126800.0,1137.5,1185.0,0.041758241758241756,0.024232633279483037
944,Homestead,33033,FL,9.688333333333333,-0.0290550667280912,0.163183371010801,0.171060698957695,158800.0,187400.0,1525.0,1550.0,0.01639344262295082,0.1801007556675063
1861,Memphis,38018,TN,9.72,-0.0021669312683689802,0.0351216088590169,0.0647098065376918,132400.0,140500.0,1245.0,1250.0,0.004016064257028112,0.06117824773413897
651,Columbia,29229,SC,9.74,-0.007523550808159359,0.0216676427885107,0.0316678395496129,133000.0,136700.0,1150.0,1225.0,0.06521739130434782,0.027819548872180452
2471,Sunrise,33351,FL,9.758333333333335,-0.0219575636376822,0.13460308527255802,0.0905555555555556,227000.0,250100.0,1900.0,1834.0,-0.034736842105263156,0.10176211453744494
409,Greenwood,46143,IN,9.763333333333334,0.00859920397389935,0.0338437277070764,0.0557421087978509,130300.0,137900.0,1197.5,1199.5,0.0016701461377870565,0.05832693783576362
1455,Fayetteville,28304,NC,9.778333333333334,-0.007057582718021259,-0.0266317215161471,-0.0511425462459195,90900.0,86500.0,875.0,875.0,0.0,-0.0484048404840484
238,El Paso,79938,TX,9.831666666666667,-0.0010600537485845301,0.000152392570320625,0.0138996138996139,120400.0,122400.0,1150.0,1150.0,0.0,0.016611295681063124
720,Melbourne,32935,FL,9.848333333333334,-0.000550056378890051,0.14124066170580202,0.145339652448657,133000.0,156100.0,1149.0,1300.0,0.13141862489120976,0.1736842105263158
780,Hollywood,33020,FL,9.86,-0.0212091931227806,0.13734122813699498,0.108933717579251,241400.0,268400.0,2125.0,1950.0,-0.08235294117647059,0.11184755592377796
638,Memphis,38016,TN,9.860000000000001,-0.00396923402620675,0.0370877910646077,0.0634517766497462,145200.0,153600.0,1250.0,1275.0,0.02,0.05785123966942149
1595,Douglasville,30134,GA,9.881666666666666,-0.0036809421630095204,0.0990564330101023,0.0918785890073831,121000.0,131600.0,1057.5,1139.0,0.07706855791962175,0.08760330578512397
440,Charlotte,28216,NC,9.893333333333333,0.0093061019006897,0.0864485830304107,0.138728323699422,125000.0,142600.0,1197.5,1295.0,0.081419624217119,0.1408
3516,Marietta,30008,GA,9.905,-0.00144349966943524,0.120509660836564,0.08231925554760201,138400.0,148900.0,1000.0,1200.0,0.2,0.07586705202312138
4028,Twentynine Palms,92277,CA,9.92,-0.029411175845570996,0.0655608311271076,0.16317530319735402,129400.0,130500.0,950.0,1000.0,0.05263157894736842,0.008500772797527048
308,Fort Worth,76116,TX,9.926666666666668,0.0387570843449863,0.0845976968596169,0.103072983354673,149000.0,165800.0,1195.0,1395.0,0.16736401673640167,0.11275167785234899
693,San Antonio,78250,TX,9.943333333333333,0.018866997397733995,0.0688228383513214,0.11965811965812,135600.0,153400.0,1200.0,1275.0,0.0625,0.13126843657817108
1681,Hampton,30228,GA,10.005,-0.00512309596157834,0.11333929374418199,0.04949053857350799,117200.0,125900.0,925.0,999.5,0.08054054054054054,0.07423208191126279
2871,Kendale Lakes,33183,FL,10.048333333333334,-0.0169557407117259,0.125803207220319,0.0904445579969341,221200.0,239000.0,1700.0,1700.0,0.0,0.08047016274864376
938,Deltona,32725,FL,10.076666666666668,-0.0223926128118722,0.147743492201417,0.120622568093385,133600.0,149000.0,1100.0,1225.0,0.11363636363636363,0.11526946107784432
172,Houston,77095,TX,10.128333333333332,0.0246464210379247,0.0671100903614708,0.0177287973167226,176300.0,176500.0,1450.0,1500.0,0.034482758620689655,0.0011344299489506524
2052,Charlotte,28214,NC,10.128333333333332,0.0103388185857141,0.0708428856707486,0.12798766383963,127700.0,143200.0,1100.0,1272.5,0.15681818181818183,0.12137823022709475
195,Jacksonville,32244,FL,10.138333333333334,-0.015953688818691,0.0972661842221552,0.0861393891934221,126600.0,137200.0,1062.5,1125.0,0.058823529411764705,0.08372827804107424
2132,Jacksonville,32205,FL,10.153333333333334,-0.0137683096317485,0.117284840301417,0.0946843853820598,123900.0,134100.0,997.5,995.0,-0.002506265664160401,0.08232445520581114
348,Savannah,31419,GA,10.163333333333334,-0.00573908750629315,0.0374616989369769,0.0484641638225256,144200.0,150300.0,1295.0,1310.0,0.011583011583011582,0.04230235783633842
95,Stockbridge,30281,GA,10.173333333333334,-0.00624688109040095,0.0940985462555077,0.0817378497790869,125400.0,134300.0,1025.0,1150.0,0.12195121951219512,0.07097288676236045
461,San Antonio,78251,TX,10.186666666666666,0.012175501269538999,0.0542334541581853,0.0826972010178117,146400.0,161200.0,1392.5,1420.0,0.019748653500897665,0.10109289617486339
480,Plantation,33324,FL,10.198333333333332,-0.0158286341964731,0.121365263340056,0.0898760330578512,227700.0,247000.0,1999.0,1882.0,-0.058529264632316155,0.08476064997804128
1569,Deltona,32738,FL,10.213333333333333,-0.0226942119032296,0.150753567512099,0.129930394431555,127000.0,143700.0,1100.0,1225.0,0.11363636363636363,0.131496062992126
97,San Antonio,78240,TX,10.223333333333334,0.0172846114744583,0.0576836599608583,0.078544061302682,152300.0,166600.0,1300.0,1375.0,0.057692307692307696,0.09389363099146422
426,Charlotte,28215,NC,10.23,0.0141719436719503,0.0768107593469174,0.11837048424289,129600.0,144600.0,1175.0,1250.0,0.06382978723404255,0.11574074074074074
2813,Milton,32570,FL,10.233333333333333,-0.00769185021139318,0.0407913032132423,0.0389197776012708,119200.0,126500.0,1012.5,1050.0,0.037037037037037035,0.061241610738255035
314,Douglasville,30135,GA,10.278333333333332,-0.00172876180729642,0.0578144473059974,0.0833333333333333,121900.0,134700.0,1115.0,1200.5,0.07668161434977579,0.10500410172272355
155,Fayetteville,28314,NC,10.295,-0.00736944695988806,-0.0187761247472208,-0.00878048780487805,101900.0,98800.0,895.0,875.0,-0.0223463687150838,-0.03042198233562316
421,McDonough,30253,GA,10.344999999999999,-0.0027664266248616,0.0751709677986323,0.0518713066316481,136500.0,145300.0,1015.0,1223.0,0.20492610837438424,0.06446886446886448
438,Country Club,33015,FL,10.35,-0.0218837617126921,0.12474611314209501,0.0805207328833173,265500.0,282500.0,1850.0,1900.0,0.02702702702702703,0.064030131826742
25,Chicago,60613,IL,10.371666666666668,-0.0138458665642847,0.0329439811430265,0.0412060301507538,458500.0,480000.0,2400.0,2445.0,0.01875,0.04689203925845147
1930,West Palm Beach,33401,FL,10.426666666666668,-0.0170765192609325,0.108422930771646,0.0490529383195726,269800.0,286400.0,1824.0,2200.0,0.20614035087719298,0.061527057079318014
787,San Antonio,78247,TX,10.43,0.0190661937791012,0.0547533898143331,0.07953855494839099,157000.0,170000.0,1350.0,1400.0,0.037037037037037035,0.08280254777070063
239,Jacksonville,32218,FL,10.475,-0.0155628922696343,0.0844717711976985,0.0856751199451679,131700.0,144700.0,1246.0,1295.0,0.03932584269662921,0.09870918754745633
1292,Dallas,30157,GA,10.491666666666665,0.00223098944062317,0.0957972873325221,0.0771513353115727,133100.0,143500.0,1000.0,1200.0,0.2,0.0781367392937641
4,Chicago,60640,IL,10.493333333333332,-0.0137523617964109,0.0464762478558167,0.0465822784810127,365900.0,373800.0,2200.0,2200.0,0.0,0.021590598524186936
2420,Poinciana,34759,FL,10.525,-0.0313094667404472,0.127354129171369,0.10349750178444,126000.0,144800.0,1100.0,1200.0,0.09090909090909091,0.1492063492063492
1436,Columbus,31909,GA,10.555000000000001,-0.00318667204486744,-0.00138419478803076,-0.00384615384615385,122100.0,121100.0,1090.0,1102.5,0.011467889908256881,-0.00819000819000819
867,San Antonio,78254,TX,10.56,0.0175882214608742,0.0515955741336553,0.0659465605457646,160800.0,171900.0,1300.0,1395.0,0.07307692307692308,0.06902985074626866
758,Oklahoma City,73120,OK,10.585,0.0121940223449879,0.0261642875694383,-0.0117647058823529,141800.0,141600.0,1250.0,1200.0,-0.04,-0.0014104372355430183
3707,Pooler,31322,GA,10.658333333333333,-0.00398150142876774,0.0277142570834055,0.0143348623853211,161600.0,165300.0,1312.5,1370.0,0.04380952380952381,0.022896039603960396
1771,Port Saint Lucie,34983,FL,10.671666666666667,-0.00985490025786695,0.15354259339267498,0.0948860135551448,166300.0,180600.0,1395.0,1500.0,0.07526881720430108,0.08598917618761275
3803,Jacksonville,32221,FL,10.686666666666667,-0.0168367514125082,0.0739024285199343,0.0542328042328042,130600.0,143100.0,1150.0,1015.0,-0.11739130434782609,0.09571209800918837
1023,Orlando,32835,FL,10.69,-0.0328264412265163,0.10760732324408198,0.09744214372716199,172300.0,189500.0,1397.5,1523.5,0.09016100178890876,0.09982588508415555
15,Nashville,37013,TN,10.700000000000001,0.0228945644472043,0.0820471853231393,0.130909090909091,165100.0,187200.0,1337.0,1477.5,0.10508601346297682,0.13385826771653545
1007,Charlotte,28262,NC,10.719999999999999,0.0132045415602022,0.0647936808688221,0.121372031662269,140900.0,158200.0,1175.0,1393.0,0.18553191489361703,0.12278211497515969
4153,Edmond,73003,OK,10.721666666666666,0.00952289759934155,0.0216884821288732,-0.0189171559034573,146300.0,142100.0,1250.0,1200.0,-0.04,-0.028708133971291867
1980,Fayetteville,28303,NC,10.741666666666667,-0.0026462591900986397,-0.0105815460112987,-0.0181818181818182,109400.0,106900.0,895.0,875.0,-0.0223463687150838,-0.022851919561243144
431,Boca Raton,33433,FL,10.751666666666665,-0.0089180617880058,0.10629532666174302,0.0670588235294118,282200.0,305900.0,2082.5,2200.0,0.056422569027611044,0.08398299078667612
976,Riverview,33578,FL,10.76,-0.0112649346658398,0.0979703421003617,0.0676241771394375,165700.0,177400.0,1379.0,1450.0,0.05148658448150834,0.07060953530476766
320,Powder Springs,30127,GA,10.775,0.00265343879504143,0.0823876477046672,0.0778186274509804,142800.0,153600.0,1150.0,1331.5,0.15782608695652173,0.07563025210084033
579,Columbia,65202,MO,10.781666666666666,0.00534680908846408,0.0209929019887618,0.0425367362722351,128100.0,133900.0,950.0,937.5,-0.013157894736842105,0.04527712724434036
227,Jacksonville,32256,FL,10.793333333333335,-0.0164648987477078,0.071571546589634,0.0740740740740741,158900.0,169300.0,1300.0,1350.0,0.038461538461538464,0.06544996853366897
1592,Boca Raton,33428,FL,10.825000000000001,-0.0123206125746809,0.131810490916146,0.0621266427718041,257800.0,275700.0,1995.0,1970.0,-0.012531328320802004,0.06943366951124903
560,Martinez,30907,GA,10.838333333333331,0.00247581027246313,0.028691525348122995,0.0265042979942693,131900.0,136200.0,1000.0,1135.0,0.135,0.032600454890068235
3758,Cape Coral,33909,FL,10.853333333333333,-0.0154336467610361,0.14084040701935502,0.0750769230769231,161300.0,173800.0,1300.0,1312.5,0.009615384615384616,0.07749535027898326
395,Jacksonville,32246,FL,10.868333333333334,-0.0139865626076066,0.0902750252665882,0.0915775401069519,152400.0,166200.0,1357.0,1475.0,0.08695652173913043,0.09055118110236221
203,Mansfield,76063,TX,10.928333333333333,0.0345011529199575,0.0757606860819504,0.0823529411764706,199300.0,214600.0,1500.0,1595.0,0.06333333333333334,0.0767686904164576
20,El Paso,79912,TX,10.931666666666667,-0.0096552814842551,-0.0049892268337340395,0.0089126559714795,148400.0,152500.0,1250.0,1250.0,0.0,0.027628032345013476
396,Summerville,29485,SC,10.945,0.0064444278158895,0.0451680007647468,0.0802168021680217,169100.0,180500.0,1297.5,1350.0,0.04046242774566474,0.06741573033707865
1291,Orange Park,32073,FL,10.953333333333333,-0.0121761260254815,0.0747650448970438,0.0802631578947369,144100.0,158800.0,1200.0,1250.0,0.041666666666666664,0.10201249132546843
601,Boynton Beach,33437,FL,10.961666666666668,-0.00866940462828658,0.0869752503273416,0.0204233197177869,269900.0,275500.0,1900.0,1850.0,-0.02631578947368421,0.020748425342719527
2962,Poinciana,34758,FL,10.963333333333333,-0.0267747526044886,0.143194872890807,0.142953929539295,135300.0,154500.0,1099.5,1262.5,0.14824920418371987,0.1419068736141907
1850,Acworth,30102,GA,10.966666666666669,0.0111510879086023,0.0798198071813863,0.0857843137254902,156400.0,168900.0,1250.0,1275.0,0.02,0.079923273657289
245,Loganville,30052,GA,10.968333333333334,0.00464717178676333,0.0845309769506965,0.0846654825340438,155800.0,166900.0,1245.5,1360.0,0.09193095142513047,0.07124518613607189
113,Pembroke Pines,33024,FL,11.005,-0.00886840465151062,0.14132711818528199,0.11961057023643902,226700.0,250900.0,1950.0,1999.5,0.025384615384615384,0.10674900749889722
3024,Pembroke Pines,33026,FL,11.023333333333333,-0.0107992466829774,0.118426914720145,0.0722100656455142,249200.0,265600.0,2099.5,2100.0,0.00023815194093831864,0.06581059390048154
713,Middleburg,32068,FL,11.033333333333333,-0.0140072252549207,0.0566119305859616,0.0500320718409237,145700.0,152800.0,1150.0,1250.0,0.08695652173913043,0.048730267673301304
577,Fort Lauderdale,33312,FL,11.063333333333333,-0.0113528266367697,0.13727306898526198,0.11268248175182499,221600.0,247200.0,1911.0,1900.0,-0.0057561486132914706,0.11552346570397112
18,Charlotte,28269,NC,11.091666666666667,0.0115513167325021,0.0581214647541777,0.0856102003642987,151300.0,166000.0,1275.0,1395.0,0.09411764705882353,0.09715796430931924
483,Hollywood,33021,FL,11.12,-0.00879095037114597,0.111917535643866,0.0804794520547945,318100.0,340100.0,2200.0,2199.0,-0.00045454545454545455,0.06916064130776485
41,Clarksville,37042,TN,11.126666666666667,0.0165890974522196,0.009141393248581991,0.008814102564102559,123700.0,124900.0,950.0,1012.5,0.06578947368421052,0.009700889248181084
2746,Pace,32571,FL,11.131666666666666,-0.00437068290888309,0.0311256933671129,0.0282381829343155,144700.0,150500.0,1222.5,1150.0,-0.05930470347648262,0.04008293020041465
147,Fort Myers,33908,FL,11.153333333333334,-0.0146313574452869,0.0693743548091801,0.0129032258064516,287000.0,290100.0,1962.5,1829.0,-0.06802547770700637,0.010801393728222997
1193,Royal Oak,48073,MI,11.18,0.0224357446605092,0.109893687142079,0.107088220295767,200200.0,219400.0,1462.5,1572.5,0.07521367521367521,0.0959040959040959
2530,Cape Coral,33990,FL,11.195,-0.0067593120192071,0.112341298749768,0.0743455497382199,191400.0,205600.0,1337.0,1445.0,0.08077786088257292,0.0741901776384535
129,Springfield,65807,MO,11.201666666666666,-0.00502748282803411,0.0143207577979341,-0.0234986945169713,115900.0,113700.0,795.0,845.0,0.06289308176100629,-0.01898188093183779
64,Royal Palm Beach,33411,FL,11.229999999999999,-0.00436332664898675,0.128964743826049,0.0640723270440252,257000.0,273400.0,1625.0,1700.0,0.046153846153846156,0.06381322957198443
2988,Sanford,27332,NC,11.233333333333334,0.00233250729493673,0.0132082909623117,0.00420462508759636,146000.0,147300.0,1200.0,1250.0,0.041666666666666664,0.008904109589041096
386,Brandon,33511,FL,11.236666666666665,-0.007517697599563441,0.0967684284690289,0.0760749724366042,169600.0,184600.0,1322.0,1425.0,0.07791225416036308,0.08844339622641509
2665,Orange Park,32065,FL,11.238333333333335,-0.0129971878593276,0.0664586664461442,0.0732142857142857,139100.0,150800.0,1250.0,1300.0,0.04,0.08411214953271028
628,Philadelphia,19145,PA,11.261666666666665,0.0378051153066028,0.0889686985848444,0.14453125,140800.0,164300.0,1275.0,1295.0,0.01568627450980392,0.1669034090909091
1711,Fishers,46037,IN,11.275,0.009832528300533829,0.0235125639619158,0.0345238095238095,241400.0,246900.0,1409.5,1450.0,0.028733593472862716,0.022783761391880698
1217,San Antonio,78253,TX,11.29,0.0123058950479187,0.0389257922950847,0.0389305816135084,187100.0,195600.0,1475.0,1500.0,0.01694915254237288,0.045430251202565476
1515,Mableton,30126,GA,11.299999999999999,0.00446208794255631,0.0850281962064399,0.0695890410958904,132500.0,149000.0,1135.0,1220.0,0.07488986784140969,0.12452830188679245
1673,Kendall West,33193,FL,11.308333333333335,-0.0102284971966281,0.11665068513671001,0.0930232558139535,261500.0,285800.0,1950.0,1925.0,-0.01282051282051282,0.09292543021032505
4264,Cape Coral,33993,FL,11.351666666666667,-0.0158807936839193,0.123575929981201,0.0494997367035282,177400.0,189800.0,1350.0,1400.0,0.037037037037037035,0.06989853438556934
553,Kennesaw,30144,GA,11.356666666666667,0.0102431241254197,0.0732693587830218,0.10106681639528399,166400.0,180700.0,1390.0,1446.5,0.04064748201438849,0.0859375
2819,Valrico,33594,FL,11.36166666666667,-0.00840667545467455,0.0957235393733562,0.0718884120171674,163200.0,178100.0,1325.0,1405.0,0.06037735849056604,0.09129901960784313
229,Hampton,23666,VA,11.366666666666667,-0.0119903348867829,0.0082418888657616,0.0257023311416617,161600.0,165200.0,1300.0,1350.0,0.038461538461538464,0.022277227722772276
688,Kendall,33176,FL,11.366666666666667,-0.0124148838156164,0.0926021551708378,0.0577743311360993,341200.0,366600.0,2000.0,2100.0,0.05,0.07444314185228605
2830,Edmond,73012,OK,11.37,0.0124662194468144,0.0215124069797477,-0.00945273631840796,179100.0,175300.0,1395.0,1400.0,0.0035842293906810036,-0.02121719709659408
588,Edmond,73013,OK,11.388333333333334,0.014575756194495,0.0238883141281505,-0.00856854838709677,176200.0,172100.0,1350.0,1325.0,-0.018518518518518517,-0.023269012485811577
4065,Crestview,32539,FL,11.398333333333333,-0.0119642208989991,0.0409820444944573,0.0710622710622711,121000.0,132900.0,1037.5,1025.0,-0.012048192771084338,0.09834710743801653
806,Bloomington,47401,IN,11.406666666666668,0.0244361693413448,0.0435448652859824,0.0814737934613389,208100.0,225400.0,1400.0,1350.0,-0.03571428571428571,0.08313310908217203
1306,South Miami Heights,33177,FL,11.418333333333335,-0.016060116025058,0.140755292487716,0.0986509274873524,221100.0,250900.0,1850.0,1850.0,0.0,0.1347806422433288
1737,Grovetown,30813,GA,11.436666666666666,0.00648708089110972,0.0335832940503027,0.0303605313092979,145500.0,150200.0,1175.0,1197.5,0.019148936170212766,0.03230240549828179
482,Clarksville,37040,TN,11.520000000000001,0.0212852390813953,0.0177591313336756,0.0379928315412186,151800.0,156200.0,1195.0,1195.0,0.0,0.028985507246376812
5320,Sunrise,33323,FL,11.521666666666667,-0.00751125996098845,0.101653641465685,0.0633598841419261,272300.0,292500.0,2275.0,2300.0,0.01098901098901099,0.07418288652221815
1718,Oklahoma City,73170,OK,11.541666666666666,0.0158120753773345,0.0199138192310806,0.0077007700770077,171600.0,172900.0,1295.0,1250.0,-0.03474903474903475,0.007575757575757576
228,Miramar,33027,FL,11.571666666666665,-0.0107663133664306,0.105823977427289,0.0440827399118345,310800.0,326300.0,2100.0,2050.0,-0.023809523809523808,0.04987129987129987
280,Port Saint Lucie,34953,FL,11.603333333333333,-0.00953874683965705,0.14183401424701997,0.0915907873594001,175800.0,192700.0,1400.0,1500.0,0.07142857142857142,0.09613196814562003
1562,Kissimmee,34746,FL,11.621666666666668,-0.0305858598433156,0.0901233111749436,0.0815760266370699,165700.0,179100.0,1297.5,1375.0,0.05973025048169557,0.08086904043452021
198,The Crossings,33186,FL,11.636666666666665,-0.014027119758013,0.10644939750192402,0.0722663639803254,268900.0,287700.0,1854.5,1950.0,0.051496360204906985,0.06991446634436593
452,Charlotte,28205,NC,11.648333333333333,0.0264300264631545,0.0909000813394469,0.139696586599241,160900.0,184100.0,1325.0,1300.0,-0.018867924528301886,0.14418893722809198
48,Duluth,30096,GA,11.651666666666666,0.00861581753147345,0.10631970004834801,0.0772946859903382,172100.0,185500.0,1327.5,1460.0,0.09981167608286252,0.0778617083091226
827,Newport News,23608,VA,11.69,-0.0169907296215164,0.00406281521806773,0.013953488372093002,168300.0,169900.0,1225.0,1200.0,-0.02040816326530612,0.009506833036244802
3717,Richmond Hill,31324,GA,11.74,-0.000392165904331221,0.0243960351281762,0.0177777777777778,190600.0,194800.0,1425.0,1400.0,-0.017543859649122806,0.022035676810073453
1514,Estero,33928,FL,11.751666666666667,0.00106871482695325,0.0712154488403709,-0.0028892455858748,336200.0,332700.0,1975.0,1995.0,0.010126582278481013,-0.01041046995835812
391,Jupiter,33458,FL,11.753333333333332,0.00645350533946387,0.0871669168596183,0.0646464646464646,315600.0,333400.0,2200.0,2250.0,0.022727272727272728,0.056400506970849175
514,Miami Beach,33141,FL,11.755,-0.0277112439884756,0.116327367942387,0.00375234521575985,795600.0,846000.0,3500.0,3400.0,-0.02857142857142857,0.06334841628959276
1584,Anchorage,99504,AK,11.76,-0.0027651690706498302,0.0230505015395537,0.00308641975308642,255400.0,255600.0,1650.0,1725.0,0.045454545454545456,0.0007830853563038371
2721,Weston,33326,FL,11.761666666666665,-0.0075545981237678,0.0968309072380864,0.0314017481385562,327600.0,337500.0,2250.0,2200.0,-0.022222222222222223,0.03021978021978022
775,Wylie,75098,TX,11.770000000000001,0.04070374050948301,0.0975613311786743,0.114337568058076,193100.0,218000.0,1460.0,1586.0,0.0863013698630137,0.12894873122734335
661,Jacksonville,28546,NC,11.780000000000001,-0.0018216156666515102,-0.0174481621544056,0.0220768601798855,119200.0,122900.0,937.5,950.0,0.013333333333333334,0.03104026845637584
47,Lawrenceville,30043,GA,11.81,0.00892784608515984,0.0983143028726807,0.0968733982573039,169100.0,181900.0,1300.0,1400.0,0.07692307692307693,0.07569485511531639
1398,Palm Beach Gardens,33410,FL,11.836666666666668,0.00308863625263189,0.10013085017971002,0.0639686684073107,358000.0,373600.0,2400.0,2350.0,-0.020833333333333332,0.04357541899441341
525,Jacksonville,28540,NC,11.838333333333333,-0.00222337169945885,-0.0176725175971503,0.040133779264214,116500.0,121100.0,945.0,900.0,-0.047619047619047616,0.039484978540772535
729,Carrollton,75007,TX,11.878333333333336,0.0436190881216387,0.0951511398884824,0.109122653862942,214000.0,236700.0,1650.0,1785.0,0.08181818181818182,0.10607476635514018
562,Grapevine,76051,TX,11.885,0.0438094770322208,0.0866399436356258,0.0845852384062704,276400.0,299200.0,1950.0,2009.0,0.030256410256410255,0.0824891461649783
13,Nashville,37211,TN,11.928333333333333,0.0429072298727682,0.109661789415301,0.143721633888048,219100.0,240600.0,1595.0,1650.0,0.034482758620689655,0.09812870835235052
2290,Sarasota,34243,FL,11.941666666666668,-0.00111199585900579,0.102675117490339,0.0297973778307509,258800.0,266400.0,1750.0,1750.0,0.0,0.02936630602782071
1000,Doral,33178,FL,11.943333333333333,-0.0136937465562413,0.065314768769424,0.0,324200.0,321700.0,2250.0,2349.0,0.044,-0.0077112893275755705
1458,The Hammocks,33196,FL,11.946666666666667,-0.012337769462027,0.0873256837561804,0.070954211814051,267400.0,286600.0,1950.0,2000.0,0.02564102564102564,0.07180254300673149
773,Cape Coral,33914,FL,11.955,-0.00231429908133707,0.0919774826605235,0.0555767034640274,261600.0,275800.0,1550.0,1800.0,0.16129032258064516,0.054281345565749234
5849,Richlands,28574,NC,11.963333333333333,-0.006754122185846589,-0.0188104190320296,0.0406301824212272,119900.0,124600.0,950.0,947.0,-0.003157894736842105,0.03919933277731443
221,Woodstock,30188,GA,11.963333333333333,0.0155344930023524,0.072932211056066,0.0727831881086622,174200.0,188300.0,1365.0,1400.0,0.02564102564102564,0.0809414466130884
474,Acworth,30101,GA,11.971666666666666,0.00868134180790125,0.076220070455066,0.0760290556900726,166600.0,179900.0,1299.0,1425.0,0.09699769053117784,0.07983193277310924
507,Orlando,32825,FL,11.978333333333333,-0.0130304747451688,0.10742655195982101,0.0971428571428571,179000.0,200200.0,1360.0,1450.0,0.0661764705882353,0.11843575418994413
4136,Citrus Ridge,34747,FL,11.995,-0.0258196542080453,0.0476915146718819,0.0311934900542496,195200.0,200700.0,1625.0,1652.5,0.016923076923076923,0.02817622950819672
6084,Hubert,28539,NC,12.048333333333332,-0.00437507948709492,-0.0163250986652682,0.0,124900.0,124600.0,925.0,925.0,0.0,-0.0024019215372297837
1156,Philadelphia,19128,PA,12.068333333333333,4.31136698499923e-05,0.025254316732104,0.0417602155365963,216400.0,228500.0,1650.0,1650.0,0.0,0.05591497227356747
1195,Jacksonville,32257,FL,12.076666666666668,-0.0020947345267146,0.0752461019436892,0.0896096756459593,180500.0,196500.0,1272.5,1320.0,0.03732809430255403,0.0886426592797784
456,Marietta,30067,GA,12.09666666666667,0.0140381725436294,0.0952230431869252,0.0872093023255814,177100.0,186600.0,1255.0,1332.0,0.06135458167330677,0.053642010163749296
1685,Wright,32547,FL,12.125,-0.0105832242489433,0.0475461755387474,0.0802238805970149,162600.0,174600.0,1200.0,1295.0,0.07916666666666666,0.07380073800738007
3044,Coconut Creek,33073,FL,12.13,-0.0090729982573895,0.0964294689717347,0.0442534224769182,308400.0,320200.0,2220.0,2150.0,-0.03153153153153153,0.03826199740596628
2569,Norfolk,23518,VA,12.135,-0.00955445354001605,0.0219321175392935,0.0418875927889714,180200.0,191300.0,1409.0,1400.0,-0.0063875088715401,0.061598224195338516
464,Jersey City,7305,NJ,12.181666666666667,-0.025735670121934,0.0592756571062489,0.16545532278751598,229300.0,273400.0,1600.0,1650.0,0.03125,0.19232446576537288
34,Chicago,60625,IL,12.223333333333334,-0.0144103191860363,0.0537157246014459,0.0513225424397947,312600.0,324700.0,1772.5,1725.0,-0.02679830747531735,0.03870761356365963
881,Orlando,32837,FL,12.235,-0.0170114880470258,0.10168800555592401,0.0895452414439756,197700.0,218600.0,1550.0,1650.0,0.06451612903225806,0.10571573090541224
218,Smyrna,30080,GA,12.245,0.019261253127651,0.10107729578194302,0.100860420650096,208100.0,229400.0,1379.0,1495.0,0.08411892675852067,0.1023546371936569
2033,Hope Mills,28348,NC,12.283333333333333,0.0100511568487716,0.00920621293427204,0.0332610267534346,106400.0,114200.0,995.0,995.0,0.0,0.07330827067669173
3823,Davie,33325,FL,12.326666666666666,-0.007116584699689571,0.0914785465822918,0.039044289044289,290600.0,311900.0,2250.0,2167.5,-0.03666666666666667,0.07329662766689608
3572,Boca Raton,33487,FL,12.348333333333331,-0.00498795651133965,0.0892349752678758,0.0369894682763935,443000.0,444100.0,3000.0,3000.0,0.0,0.0024830699774266367
1553,Buford,30519,GA,12.35,0.00787712349419767,0.09159743518358199,0.0925747348119576,185400.0,199600.0,1400.0,1525.0,0.08928571428571429,0.07659115426105717
150,Tampa,33647,FL,12.366666666666667,-0.00690052251413853,0.062288029437187004,0.0457774269928966,209100.0,219000.0,1450.0,1610.0,0.1103448275862069,0.047345767575322814
5218,Sanford,28326,NC,12.368333333333332,0.00537280664745299,0.00590011455501993,0.0273972602739726,157700.0,164100.0,1200.0,1200.0,0.0,0.040583386176284084
2259,Coral Springs,33071,FL,12.453333333333333,-0.0038987088785422705,0.0914701118086383,0.0522538041917887,258200.0,286700.0,1825.0,1740.0,-0.04657534246575343,0.11037955073586367
418,Marietta,30066,GA,12.456666666666669,0.0184424474486451,0.0834657659671834,0.07207615593835001,186900.0,203200.0,1350.0,1515.0,0.12222222222222222,0.08721241305510968
96,Las Vegas,89108,NV,12.461666666666666,-0.0323257356002464,0.18105330026322897,0.11096690460739801,157100.0,174200.0,1065.0,1120.0,0.051643192488262914,0.10884786760025461
1662,Kennesaw,30152,GA,12.47,0.0114150813657574,0.06708552346819201,0.0325370675453048,168200.0,178900.0,1350.0,1380.0,0.022222222222222223,0.06361474435196195
817,Las Vegas,89122,NV,12.47166666666667,-0.0345440980991897,0.163252251816258,0.0975765306122449,158900.0,174100.0,1150.0,1149.5,-0.0004347826086956522,0.09565764631843927
1109,Fayetteville,28306,NC,12.481666666666667,0.00784710569358538,0.00303495718955582,-0.009478672985781991,118400.0,132600.0,995.0,1000.0,0.005025125628140704,0.11993243243243243
5200,Kendall West,33185,FL,12.496666666666668,-0.0178403950621742,0.0827056203397694,0.0531946508172363,305000.0,326400.0,2172.5,2297.5,0.05753739930955121,0.07016393442622951
476,Philadelphia,19148,PA,12.498333333333335,0.0315697433684357,0.0696548557175596,0.0956719817767654,172300.0,186600.0,1300.0,1400.0,0.07692307692307693,0.08299477655252467
297,Jacksonville,32225,FL,12.543333333333331,0.0015889560072133199,0.0904757564702858,0.0989119683481701,185600.0,196900.0,1300.0,1425.0,0.09615384615384616,0.06088362068965517
2855,Jacksonville,32258,FL,12.556666666666667,-0.0072100069666563,0.0675503123347168,0.0403994552882433,207300.0,220500.0,1486.0,1500.0,0.009421265141318977,0.06367583212735166
72,Virginia Beach,23462,VA,12.571666666666665,-0.00645493356410642,0.0243133042104107,0.0311203319502075,192000.0,198100.0,1300.0,1350.0,0.038461538461538464,0.03177083333333333
3203,Fort Lauderdale,33304,FL,12.574999999999998,-0.0116269318612627,0.08567642786148301,0.0571428571428571,579000.0,568700.0,2632.0,2536.0,-0.0364741641337386,-0.01778929188255613
4746,Pembroke Pines,33028,FL,12.593333333333334,-0.00886507238307699,0.0823361487152507,0.0505405405405405,325900.0,342400.0,2200.0,2275.0,0.03409090909090909,0.050629027308990486
205,Chesapeake,23320,VA,12.638333333333334,-0.007583031660777559,0.0212288651198629,0.0294499783456042,209200.0,220000.0,1475.0,1518.0,0.029152542372881354,0.05162523900573614
58,Sunny Isles Beach,33160,FL,12.696666666666667,-0.00797921501743337,0.076424986465033,-0.0489690721649485,1172900.0,1107400.0,5600.0,5600.0,0.0,-0.055844488021144174
39,Cedar Park,78613,TX,12.716666666666667,0.0332147936044227,0.0787488522862783,0.0788431061806656,216300.0,230800.0,1700.0,1647.0,-0.031176470588235295,0.06703652334720296
2149,Pembroke Pines,33029,FL,12.735,-0.0066039903388832605,0.0863386223644553,0.0644649933949802,340200.0,357600.0,2300.0,2344.5,0.01934782608695652,0.05114638447971781
371,Allen,75002,TX,12.736666666666666,0.0436881669049813,0.0949927228599559,0.07172361997746901,228100.0,249900.0,1600.0,1685.0,0.053125,0.09557211749232793
1672,Coral Terrace,33155,FL,12.768333333333333,-0.0194288621536008,0.112215487457445,0.041592394533571,341500.0,356900.0,2500.0,2550.0,0.02,0.04509516837481698
1268,McKinney,75071,TX,12.791666666666666,0.0449186521827394,0.0987419636413409,0.0722713864306785,230400.0,246600.0,1595.0,1695.0,0.06269592476489028,0.0703125
3116,Coral Springs,33076,FL,12.828333333333331,-0.0101335484693904,0.0547921650677192,0.0348993288590604,329000.0,347400.0,2400.0,2500.0,0.041666666666666664,0.05592705167173252
3710,Miami,33137,FL,12.848333333333334,-0.00813690245699905,0.0988413272990005,-0.0283604135893648,795000.0,801600.0,3950.0,4000.0,0.012658227848101266,0.00830188679245283
3396,Boston,2119,MA,12.885,0.0463280772105634,0.10370513322814802,0.0536744419362929,411900.0,425800.0,2612.5,2695.0,0.031578947368421054,0.03374605486768633
5584,Weston,33331,FL,12.923333333333334,-0.00634207813493592,0.0728932195480663,0.0569087184156613,383100.0,402800.0,2475.0,2490.0,0.006060606060606061,0.05142260506395197
4100,Fort Lauderdale,33301,FL,12.946666666666667,-0.00162887596826955,0.09221549469711099,-0.00177900770903341,782700.0,792100.0,3200.0,3645.0,0.1390625,0.012009709978280311
1003,Aventura,33180,FL,13.003333333333336,-0.0118933555084092,0.0554082280992854,-0.0100237404378792,583900.0,585200.0,3300.0,3250.0,-0.015151515151515152,0.0022264086316150025
251,Clermont,34711,FL,13.005,-0.0129905587226927,0.0847441147205434,0.0607808340727595,219800.0,230300.0,1477.0,1500.0,0.015572105619498984,0.04777070063694268
237,Cumming,30040,GA,13.075000000000001,0.009803905253340291,0.0810493862148314,0.0557973882073605,215200.0,225300.0,1505.0,1555.0,0.03322259136212625,0.046933085501858735
1,Chicago,60657,IL,13.103333333333332,0.00233914276278924,0.0459416549104419,0.0365354330708661,552800.0,570600.0,2685.0,2700.0,0.00558659217877095,0.03219971056439942
1536,Navarre,32566,FL,13.141666666666666,-0.00628148524693173,0.0313879595396767,0.0453257790368272,183700.0,195800.0,1350.0,1350.0,0.0,0.0658682634730539
2222,Jollyville,78729,TX,13.15,0.037681830404151996,0.08899325170218302,0.0550814584949573,240100.0,247800.0,1489.5,1553.0,0.042631755622692176,0.03206997084548105
7,McKinney,75070,TX,13.193333333333333,0.0442465902282265,0.0985187379728927,0.0786862812179268,252300.0,271300.0,1700.0,1795.0,0.05588235294117647,0.07530717399920729
1148,Jacksonville,32224,FL,13.243333333333332,0.0018212669728063801,0.0770101072333382,0.0772966410360178,236600.0,253200.0,1429.0,1528.0,0.06927921623512946,0.07016060862214708
244,Virginia Beach,23452,VA,13.269999999999998,-0.00108819546068406,0.0250150335179775,0.043956043956044,210000.0,215800.0,1395.0,1425.0,0.021505376344086023,0.02761904761904762
302,Huntersville,28078,NC,13.271666666666667,0.0137466972119351,0.0550406050510457,0.0666928207140055,223400.0,239300.0,1595.0,1595.0,0.0,0.0711727842435094
325,Germantown,20874,MD,13.276666666666666,-0.0192970357341544,0.0439260376113915,0.0295815295815296,282200.0,289200.0,1730.0,1750.0,0.011560693641618497,0.024805102763997167
306,Orlando,32828,FL,13.353333333333332,-0.0107220240308094,0.0936567542683426,0.0765365287978353,214200.0,228900.0,1450.0,1550.0,0.06896551724137931,0.06862745098039216
3154,Westchase,33626,FL,13.406666666666668,0.0027552851687462398,0.0714057872199874,0.0563957151858853,274900.0,288900.0,1891.0,1950.0,0.03120042305658382,0.05092761004001455
5576,Miami,33132,FL,13.456666666666665,-0.00956898918749061,0.0524406329544109,-0.0427083333333333,932100.0,888100.0,4500.0,4500.0,0.0,-0.04720523548975432
680,Meridian,83646,ID,13.466666666666667,-0.00353650694997409,0.0808279365099523,0.0733151183970856,193500.0,208500.0,1295.0,1400.0,0.08108108108108109,0.07751937984496124
174,Woodbridge,22191,VA,13.468333333333334,-0.0167312847867357,0.0415419136581041,0.0392642377078175,269800.0,279200.0,1950.0,2000.0,0.02564102564102564,0.034840622683469234
1897,North Las Vegas,89032,NV,13.521666666666667,-0.0268927355857008,0.165233188637358,0.13529073114565301,166700.0,188500.0,1095.0,1150.0,0.0502283105022831,0.1307738452309538
427,Frisco,75035,TX,13.594999999999999,0.0477701784212339,0.0929920170438148,0.0656734569778048,260400.0,283600.0,1750.0,1850.0,0.05714285714285714,0.0890937019969278
2424,Cornelius,28031,NC,13.644999999999998,0.0139495530244851,0.0524774540300221,0.0670588235294118,243400.0,257000.0,1495.0,1479.5,-0.01036789297658863,0.05587510271158587
182,Marietta,30062,GA,13.666666666666666,0.0205622126120524,0.07189781431723799,0.0525245679430701,240300.0,253600.0,1546.5,1604.0,0.03718073068218558,0.05534748231377445
1551,Las Vegas,89128,NV,13.685000000000002,-0.0246925606730963,0.142797195020299,0.131765992345544,188000.0,210600.0,1150.0,1279.5,0.1126086956521739,0.1202127659574468
49,Virginia Beach,23464,VA,13.686666666666667,-0.00375249457503801,0.0259911257944914,0.0470732705689726,224800.0,232400.0,1400.0,1400.0,0.0,0.033807829181494664
114,Aurora,80013,CO,13.688333333333333,0.0464096511145264,0.12663195711643901,0.103067047075606,293200.0,318100.0,1800.0,1999.0,0.11055555555555556,0.084924965893588
89,Suwanee,30024,GA,13.721666666666666,0.0129374904430499,0.0858752335400677,0.0536869340232859,239800.0,259400.0,1650.0,1740.0,0.05454545454545454,0.0817347789824854
16,Chicago,60618,IL,13.745,-0.0036609955861474103,0.0658025759054017,0.0323974082073434,435900.0,460500.0,1962.5,2000.0,0.01910828025477707,0.056434962147281484
12,Chicago,60647,IL,13.81,0.009282069265252879,0.0852494498539553,0.0756895445798589,437300.0,466200.0,2200.0,2195.0,-0.0022727272727272726,0.06608735421907158
206,Woodbridge,22193,VA,13.851666666666667,-0.0155039104239038,0.0507744542943085,0.0411436541143654,259900.0,268300.0,1600.0,1695.0,0.059375,0.032320123124278566
1578,Windermere,34786,FL,13.855000000000002,-0.0209860345252438,0.0638382532566533,0.0576048509348156,262200.0,280400.0,1750.0,1850.0,0.05714285714285714,0.06941266209000763
55,Charlotte,28277,NC,13.893333333333333,0.01673104918824,0.0638372467519288,0.0549345257106356,243400.0,260800.0,1625.0,1650.0,0.015384615384615385,0.0714872637633525
333,North Las Vegas,89031,NV,13.97166666666667,-0.0267503840987288,0.154979985035792,0.131340096102509,174500.0,197100.0,1150.0,1157.0,0.00608695652173913,0.12951289398280802
732,Bakersfield,93312,CA,14.021666666666667,-0.0191497904441889,0.0754481595575893,0.0198799699924981,244800.0,246100.0,1500.0,1550.0,0.03333333333333333,0.0053104575163398695
186,Virginia Beach,23454,VA,14.065,-0.00376692008718515,0.0274846145661725,0.0481522956326988,249100.0,258200.0,1450.0,1512.0,0.04275862068965517,0.03653151344841429
913,Stafford,22554,VA,14.181666666666667,-0.011834733725831001,0.0395011308836648,0.0453115166771554,253100.0,269500.0,1600.0,1625.0,0.015625,0.06479652311339391
1270,Coral Gables,33134,FL,14.195,-0.0070781564280471,0.0854544532672861,0.0570829450139795,566600.0,596000.0,3000.0,3450.0,0.15,0.05188845746558419
3324,North Las Vegas,89081,NV,14.195,-0.03009054503724,0.138305795603295,0.10417715148465,183100.0,204900.0,1195.0,1236.0,0.03430962343096234,0.1190606226105953
232,Johns Creek,30022,GA,14.211666666666668,0.0149215298186358,0.0625802696238358,0.0628229534946968,245300.0,262000.0,1615.0,1660.0,0.02786377708978328,0.06807990216061965
2,Chicago,60614,IL,14.283333333333333,0.00576211358768486,0.0518514562343368,0.0351270553064275,610000.0,638200.0,2995.0,2995.0,0.0,0.04622950819672131
530,Woodbridge,22192,VA,14.303333333333333,-0.00976238328686818,0.0433224558417074,0.0314185972707077,283000.0,292200.0,1750.0,1800.0,0.02857142857142857,0.03250883392226148
370,Milton,30004,GA,14.329999999999998,0.0192933130434751,0.0666086661284344,0.0484734868773433,245800.0,263400.0,1795.0,1700.0,-0.052924791086350974,0.07160292921074043
465,Virginia Beach,23455,VA,14.341666666666667,-0.007165745328274521,0.0270047501804205,0.0406091370558376,242900.0,247100.0,1695.0,1695.0,0.0,0.01729106628242075
4260,Chicago,60642,IL,14.37666666666667,0.0157775632621715,0.0703949992599977,0.0786876500400107,492600.0,523900.0,2600.0,2600.0,0.0,0.06354039788875356
133,Sacramento,95823,CA,14.394999999999998,-0.0112259887811825,0.16939696620167402,0.100474342388961,228000.0,249800.0,1295.0,1499.0,0.15752895752895754,0.0956140350877193
1759,Miami,33133,FL,14.601666666666667,0.0058541766858031296,0.0982988566296068,0.0378158685280085,736000.0,789400.0,3692.0,3800.0,0.02925243770314193,0.07255434782608695
296,Chicago,60622,IL,14.608333333333334,0.0102658018120174,0.0657755636671737,0.06528417818740401,517500.0,534600.0,2550.0,2400.0,-0.058823529411764705,0.03304347826086956
4035,Henderson,89011,NV,14.691666666666668,-0.0205631108984039,0.135062937490915,0.0990476190476191,219600.0,237500.0,1385.0,1400.0,0.010830324909747292,0.08151183970856102
2852,Boston,2125,MA,14.700000000000001,0.0456613877732719,0.114349406897789,0.111386138613861,411000.0,446100.0,2400.0,2550.0,0.0625,0.0854014598540146
2398,Las Vegas,89183,NV,14.770000000000001,-0.022075783146926,0.133917000988863,0.08956646021915199,200800.0,217000.0,1239.0,1295.0,0.04519774011299435,0.08067729083665338
160,Bayonne,7002,NJ,14.806666666666667,-0.0214295540999336,0.0563690832864905,0.121935056328694,284400.0,320300.0,1700.0,1795.0,0.05588235294117647,0.12623066104078762
2341,Morrisville,27560,NC,14.82333333333333,0.0184768533751252,0.0554326950272153,0.06713389893028401,214100.0,234900.0,1377.0,1500.0,0.08932461873638345,0.09715086408220458
1820,Boston,2128,MA,14.873333333333335,0.0476272995883007,0.127907129103082,0.15154693235448302,411500.0,462200.0,2400.0,2500.0,0.041666666666666664,0.12320777642770353
574,Las Vegas,89147,NV,14.941666666666668,-0.0227624211083226,0.12932396156189999,0.0968973747016706,205100.0,224500.0,1250.0,1300.0,0.04,0.09458800585080449
641,Las Vegas,89129,NV,14.951666666666668,-0.0234415861772228,0.13517728715176,0.0838509316770186,202400.0,224100.0,1200.0,1295.0,0.07916666666666666,0.10721343873517787
2168,Las Vegas,89149,NV,14.969999999999999,-0.0232149200482525,0.12932026215382303,0.0950285965684118,200700.0,220300.0,1250.0,1300.0,0.04,0.09765819631290483
1060,Boston,2124,MA,15.011666666666665,0.0366652098902682,0.105412498013319,0.127375956553937,401500.0,457000.0,2000.0,2200.0,0.1,0.1382316313823163
3328,Las Vegas,89113,NV,15.08,-0.0226102408623788,0.12988426294549302,0.0911602209944751,222600.0,242300.0,1285.0,1300.0,0.011673151750972763,0.08849955076370171
2712,Newport,2840,RI,15.148333333333333,0.010921040002616999,0.0571028576938024,0.0753998476770754,411700.0,440500.0,2000.0,2200.0,0.1,0.06995384989069711
274,Las Vegas,89123,NV,15.298333333333334,-0.0219123604505201,0.13250321711014398,0.0798803929944468,224200.0,244600.0,1375.0,1400.0,0.01818181818181818,0.09099018733273863
520,Henderson,89074,NV,15.310000000000002,-0.0209714298472569,0.125623250036982,0.0675895765472313,227600.0,244900.0,1312.5,1400.0,0.06666666666666667,0.07601054481546574
2286,Las Vegas,89139,NV,15.386666666666665,-0.0227555952381419,0.117872743942209,0.0774165953806672,216800.0,236300.0,1265.0,1350.0,0.06719367588932806,0.08994464944649447
2698,Las Vegas,89178,NV,15.578333333333333,-0.0255882790546137,0.11604739825346,0.0596892886345053,229200.0,246400.0,1300.0,1350.0,0.038461538461538464,0.07504363001745201
3007,Henderson,89002,NV,15.641666666666666,-0.0173221799045815,0.129707848277015,0.0802568218298555,223600.0,249200.0,1250.0,1295.0,0.036,0.11449016100178891
1387,Las Vegas,89131,NV,15.65,-0.0249389128921459,0.119032042581286,0.0727997102499095,230100.0,250600.0,1250.0,1350.0,0.08,0.08909169926119079
880,Las Vegas,89148,NV,15.65333333333333,-0.0241781043352285,0.12155002380860198,0.0798828941865328,232700.0,252100.0,1325.0,1386.5,0.04641509433962264,0.08336914482165879
654,Murrieta,92563,CA,15.700000000000001,-0.0120832846715573,0.098825448218355,0.0536895001322401,357700.0,377900.0,1800.0,1880.0,0.044444444444444446,0.056471903830025164
3528,Las Vegas,89141,NV,15.711666666666666,-0.0242502069362652,0.11640407451978699,0.0723210904960242,241800.0,259100.0,1300.0,1412.5,0.08653846153846154,0.07154673283705541
151,Las Vegas,89117,NV,15.795,-0.0188953440260891,0.119383927171776,0.0827878321139777,247400.0,268400.0,1350.0,1375.0,0.018518518518518517,0.08488278092158448
2124,Henderson,89012,NV,15.808333333333335,-0.0152633073249535,0.11658785456064001,0.0676609676245908,263000.0,280800.0,1477.0,1600.0,0.08327691266079891,0.06768060836501902
512,Boston,2135,MA,15.836666666666668,0.0471690377147689,0.102372471444392,0.0913169701768277,610500.0,642400.0,2700.0,2800.0,0.037037037037037035,0.05225225225225225
5224,Las Vegas,89144,NV,15.841666666666667,-0.0175279905272127,0.11956798520264801,0.0613636363636364,247700.0,265400.0,1474.0,1445.0,-0.01967435549525102,0.07145740815502624
499,Murrieta,92562,CA,15.861666666666666,-0.0156285993431321,0.0970044406401263,0.0476810838978635,344700.0,365700.0,1750.0,1904.5,0.08828571428571429,0.060922541340295906
4261,Boston,2134,MA,16.066666666666666,0.0448513829957473,0.110728377782304,0.174981567952814,563600.0,644400.0,2695.0,2800.0,0.03896103896103896,0.1433640880056778
3340,Franconia,22315,VA,16.086666666666666,0.000533932591870512,0.0276168736267155,0.0190972222222222,456900.0,463900.0,2599.0,2500.0,-0.03809157368218546,0.015320639089516306
265,Henderson,89052,NV,16.113333333333333,-0.0189489182378916,0.0877068918228667,0.0408398044291056,300100.0,316600.0,1610.0,1600.0,-0.006211180124223602,0.05498167277574142
177,Temecula,92592,CA,16.166666666666668,-0.00633191452740334,0.0850945301768144,0.0408114558472554,368200.0,384800.0,1875.0,1997.5,0.06533333333333333,0.045084193373166756
2816,Las Vegas,89135,NV,16.246666666666666,-0.0167854155001524,0.09383902815185001,0.0515928954045672,322800.0,342500.0,1650.0,1700.0,0.030303030303030304,0.061028500619578686
3127,Boston,2131,MA,16.278333333333332,0.0361543603003398,0.0894716153629742,0.10004486316733999,461100.0,506500.0,2300.0,2472.5,0.075,0.09846020386033398
1651,Sparks,89436,NV,16.291666666666668,0.00112440963666871,0.139950902558655,0.0558035714285714,291700.0,311100.0,1575.0,1750.0,0.1111111111111111,0.0665066849502914
4893,Henderson,89044,NV,16.31,-0.0125678379629957,0.0922359491656113,0.0674270379067427,279000.0,297000.0,1495.0,1649.5,0.10334448160535117,0.06451612903225806
533,Hillsboro,97124,OR,16.37666666666667,0.0233021644791476,0.103012067722275,0.0976132190942472,310000.0,343200.0,1845.0,1922.5,0.04200542005420054,0.10709677419354839
164,Rancho Cucamonga,91730,CA,16.75,-0.00139027602573316,0.104559011217388,0.0733730878921442,386800.0,415600.0,2171.0,2200.0,0.013357899585444496,0.07445708376421924
1557,Fairfax,22033,VA,16.960000000000004,0.00292067686127973,0.0305377885268017,0.0373831775700935,439800.0,456300.0,2299.0,2332.0,0.014354066985645933,0.03751705320600273
812,Bend,97702,OR,17.051666666666666,0.009305619965302771,0.12922532711705498,0.0995695839311334,338500.0,369600.0,1795.0,1900.0,0.0584958217270195,0.09187592319054654
318,Elk Grove,95758,CA,17.121666666666666,-0.0020659638717671603,0.140961266282991,0.108165752589884,301900.0,333100.0,1500.0,1695.0,0.13,0.10334547863530971
2882,Waltham,2453,MA,17.128333333333334,0.0322006523264728,0.0822277244716343,0.0998555807716113,499300.0,550000.0,2300.0,2300.0,0.0,0.10154215902263168
179,Bothell,98012,WA,17.183333333333334,0.0177399548657657,0.0994262760967539,0.135763097949886,416700.0,472600.0,2197.5,2400.0,0.09215017064846416,0.13414926805855532
646,Aliso Viejo,92656,CA,17.259999999999998,0.00391452616425769,0.0865992733674026,0.0644864964174169,544100.0,577600.0,2722.5,2800.0,0.028466483011937556,0.06156956441830546
222,Medford,2155,MA,17.406666666666666,0.0358061654020554,0.0880295512637177,0.0931689993733027,497400.0,552600.0,2500.0,2700.0,0.08,0.11097708082026538
365,New York,11203,NY,17.486666666666668,0.008401064728100541,0.0709838340517106,0.128258845437616,446600.0,495700.0,2200.0,2300.0,0.045454545454545456,0.10994178235557546
1658,Boston,2130,MA,17.540000000000003,0.0518602970753488,0.096966975053766,0.133215962441315,667500.0,695400.0,2800.0,2900.0,0.03571428571428571,0.041797752808988765
3951,Somerville,2145,MA,17.61833333333333,0.0546774265509191,0.120467310331461,0.11978835978836,512300.0,571200.0,2550.0,2850.0,0.11764705882352941,0.11497169627171579
1440,Boston,2127,MA,17.935000000000002,0.0607006962346512,0.111141670163961,0.111888111888112,678800.0,756500.0,3425.0,3600.0,0.051094890510948905,0.11446670595167943
1601,Watertown,2472,MA,17.96,0.0360420349025892,0.0871305462260665,0.10015866719555698,550400.0,619200.0,2500.0,2650.0,0.06,0.125
973,Herndon,20171,VA,18.35833333333333,0.007463154156999609,0.0276459475793009,0.0347173761339847,442200.0,449100.0,2200.0,2200.0,0.0,0.015603799185888738
166,Cedar Mill,97229,OR,18.458333333333332,0.0236025990951776,0.0828728379288865,0.0442683162574908,452800.0,476300.0,2005.5,2000.0,-0.002742458239840439,0.05189929328621908
495,San Diego,92128,CA,18.638333333333335,0.0177145894994089,0.0828844861692168,0.0679750223015165,604800.0,647500.0,2750.0,2687.0,-0.02290909090909091,0.07060185185185185
1421,Irvine,92618,CA,18.861666666666668,0.0115922126425574,0.0772347297130975,0.0419014593266869,656300.0,686900.0,3000.0,3300.0,0.1,0.04662501904616791
127,Laguna Niguel,92677,CA,19.24166666666667,-0.00107403018340091,0.0759956974506497,0.0488865463170378,732000.0,774300.0,3095.0,3300.0,0.06623586429725363,0.05778688524590164
563,Ewa Beach,96706,HI,19.30666666666667,0.0220665437977405,0.0739409237857793,0.0751508502468459,531000.0,569000.0,2700.0,2700.0,0.0,0.07156308851224105
65,New York,11234,NY,19.508333333333333,0.0142111160675715,0.0652106967895474,0.13715207745058502,516200.0,574200.0,2300.0,2200.0,-0.043478260869565216,0.11235955056179775
51,Hoboken,7030,NJ,19.731666666666666,0.0401932567351437,0.0997418444883216,0.10049882629108,963000.0,1030800.0,3500.0,3400.0,-0.02857142857142857,0.07040498442367601
2435,Dana Point,92629,CA,19.76833333333333,0.000746466214510466,0.0893999281041158,0.0801800705681956,871600.0,920400.0,3400.0,3800.0,0.11764705882352941,0.0559889857732905
2218,Kapolei,96707,HI,19.919999999999998,0.014757220123266,0.0676887973779887,0.0808238144686743,566900.0,616000.0,2772.5,2772.5,0.0,0.08661139530781443
3557,Somerville,2143,MA,20.145,0.0570975984211644,0.107179746136705,0.0928234501347709,670400.0,739500.0,3000.0,3100.0,0.03333333333333333,0.10307279236276849
634,San Diego,92130,CA,20.419999999999998,0.0203197750844044,0.067445128887329,0.0658049353701528,783200.0,840600.0,3150.0,3400.0,0.07936507936507936,0.07328907048008172
4984,Brookline,2445,MA,20.50833333333333,0.0479807198351163,0.0907482075258526,0.0699056725675152,884600.0,920400.0,3200.0,3250.0,0.015625,0.040470269048157356
741,San Diego,92037,CA,20.526666666666667,0.0164381672605838,0.0777640396304509,0.02488282326992,1556100.0,1625100.0,4985.0,5297.5,0.06268806419257773,0.04434162328899171
1987,Brookline,2446,MA,20.666666666666664,0.0503442973907464,0.0934745510769441,0.0647413085135505,1043700.0,1131100.0,3450.0,3400.0,-0.014492753623188406,0.08374053846890869
6141,Cambridge,2141,MA,20.88333333333333,0.0502857727307282,0.10420662608844,0.0901001112347052,736600.0,824500.0,3320.0,3400.0,0.024096385542168676,0.1193320662503394
1654,Cambridge,2139,MA,20.951666666666668,0.0608518724100036,0.11014696061504,0.0893206808254255,842800.0,915900.0,3400.0,3595.0,0.057352941176470586,0.08673469387755102
547,Irvine,92620,CA,21.183333333333334,0.0100622581497141,0.0676907414770491,0.0194242920664638,758100.0,796800.0,3080.0,3350.0,0.08766233766233766,0.05104867431737238
2876,Boston,2118,MA,21.418333333333333,0.0541954492397638,0.0873762157059772,0.0768211920529801,1599300.0,1771800.0,4000.0,4200.0,0.05,0.10785968861376852
4554,Cambridge,2140,MA,21.47,0.0548619503398058,0.0986348272546382,0.11952065594449698,772300.0,870800.0,3450.0,3595.0,0.042028985507246375,0.12754111096724072
3817,Somerville,2144,MA,21.930000000000003,0.0556634271073704,0.0963484373693941,0.118577670634323,746000.0,813600.0,3000.0,3150.0,0.05,0.09061662198391421
1667,Cambridge,2138,MA,22.168333333333337,0.0500591753148012,0.0961465696868824,0.0794985040604075,1012900.0,1158900.0,3500.0,3600.0,0.02857142857142857,0.14414058643498864
3290,Issaquah,98029,WA,22.428333333333338,0.0399552757907073,0.135354176555349,0.209488700112197,639700.0,766100.0,2478.5,2657.5,0.07222110147266492,0.19759262154134752
88,Redmond,98052,WA,22.973333333333333,0.0401368939948348,0.133689954222964,0.19572899062836102,626100.0,752300.0,2585.0,2712.5,0.04932301740812379,0.20156524516850344
7126,Newton,2458,MA,22.998333333333335,0.0379677113468122,0.0794622311547142,0.0704824976348155,780700.0,823400.0,2700.0,3000.0,0.1111111111111111,0.05469450493147176
120,New York,11385,NY,23.0,0.0249938666502976,0.0923696207596929,0.156581073801401,569900.0,651200.0,2800.0,2650.0,-0.05357142857142857,0.14265660642217934
3981,Belmont,2478,MA,23.35666666666667,0.0396189075425786,0.0761657968527838,0.0960739030023095,847100.0,927100.0,2575.0,2800.0,0.08737864077669903,0.09443985361822689
0,New York,10025,NY,25.42,0.0562702600492855,0.0979062776259203,0.153774981495189,1998200.0,2598800.0,4500.0,4250.0,-0.05555555555555555,0.3005705134621159
4271,New York,11361,NY,25.705,0.0219418066180108,0.0736331932509702,0.11297304845691901,724000.0,793300.0,2500.0,2400.0,-0.04,0.0957182320441989
2363,New York,11357,NY,26.731666666666666,0.0213491435657531,0.0688021969320054,0.113726023670249,772800.0,862700.0,2300.0,2350.0,0.021739130434782608,0.11633022774327122
3411,New York,11228,NY,30.819999999999997,0.0362947802155507,0.0857642650879318,0.0868516284680338,836100.0,913800.0,2250.0,2500.0,0.1111111111111111,0.09293146752780768
